first_name,last_name,job_title,department,email,address,phone_number,salary,password
Rebecca,Hernandez,Curator,Educational psychologist,lauren60@example.org,Angelaburgh,+1-864-680-8601x0358,42810,vxqEiSAm
Kevin,Greene,"Physicist, medical",Quarry manager,austinzachary@example.net,Lucasland,474.796.7110,65177,40vG8FCf
Mark,Price,"Psychologist, clinical",Recruitment consultant,martin63@example.net,New Donnaborough,205-985-5098x9627,11340,kKSsILOq
Sarah,Meadows,"Editor, film/video","Lighting technician, broadcasting/film/video",paul68@example.net,Brandistad,955.722.1160,34590,pj4yc5mo
Steven,Wood,Applications developer,Maintenance engineer,jeremybarton@example.net,Karenburgh,780-907-0826,19094,U6mzWVC5
Robert,Bailey,"Psychologist, forensic","Engineer, chemical",kimberly11@example.net,Lake Heather,+1-925-395-8843x8794,80119,Wha8hvJQ
Kelsey,Moon,Health and safety adviser,Charity officer,james26@example.org,West Chelseymouth,214-574-3048,91393,omu5Un0k
Jessica,Rasmussen,Geographical information systems officer,"Scientist, audiological",burkealbert@example.com,Port Garyside,(227)655-2954x521,24127,9ZyNTSoT
Juan,Haynes,Graphic designer,Event organiser,perkinstrevor@example.com,Port Joshuaton,+1-577-812-9749x4697,46196,q2KlJwVV
Sara,Chapman,Art gallery manager,TEFL teacher,robin27@example.org,Jenniferstad,+1-276-870-5831,42615,4ppwTKes
Christina,Hill,"Accountant, chartered management","Horticulturist, amenity",masonjason@example.net,Boothland,+1-550-887-9585x37889,92829,8BkiRdKh
Holly,Patterson,Dealer,Metallurgist,kristen95@example.com,Kennedychester,343-909-9896x44860,29842,klWEmJOz
Theresa,Roy,Automotive engineer,Marine scientist,kristen20@example.com,South Michael,865-580-3006x765,10980,wumYaqFE
Deanna,Morgan,Ecologist,Environmental health practitioner,arivera@example.org,Port Julie,+1-354-312-5698x675,37792,pdimJxbq
James,Powell,Corporate treasurer,Speech and language therapist,robert23@example.com,Jamesview,+1-213-432-8269x7548,54290,GFDVlgIv
Gregory,Mcconnell,Information officer,Furniture conservator/restorer,kbennett@example.net,East John,(883)767-7796,14386,Fn5bmqTB
Brian,Higgins,Training and development officer,Public librarian,sarahchapman@example.net,North Garrettfort,304.341.7618x5631,26056,MTSGZaM6
Ashley,Conner,Chemical engineer,Community development worker,clarkdeborah@example.com,West Karenland,001-867-606-4418x0582,20220,zVUNTHCN
Joseph,Nelson,Special educational needs teacher,Museum/gallery curator,nathan55@example.net,Port Jessica,+1-584-463-9201x951,92892,KbWOZum1
Stephanie,Serrano,Patent examiner,"Psychologist, educational",lweaver@example.net,Donovanville,413.506.9054,94701,xiGmiJmQ
Gregory,Perry,"Nurse, mental health",Mechanical engineer,lawrence27@example.com,Bruceshire,001-302-870-3633x000,60557,Wak6e8tE
Austin,Page,Veterinary surgeon,Ship broker,zmiller@example.com,East Krystal,001-356-450-2294x20587,57629,L4LlcZO4
Michelle,Evans,Theatre director,"Scientist, forensic",wnelson@example.com,Lake Meghan,+1-215-940-9312x950,6429,LnioOB5I
Denise,Sanchez,"Therapist, music",Volunteer coordinator,murphymichael@example.org,Stephaniefurt,001-399-731-8038x8406,61782,0kX8QbSm
Gary,Brown,Speech and language therapist,Psychiatric nurse,smithamy@example.org,Lozanoport,+1-640-507-6275x71014,87404,36m5UHlF
Gregory,Sanchez,Fish farm manager,Proofreader,christensenlisa@example.org,Lake Ronaldtown,329-968-0286,54522,N0tW4Jbx
Justin,Adams,"Surveyor, insurance",Careers information officer,htaylor@example.com,West Frances,261.591.1037x6955,45421,4GeebxiD
Molly,Allen,"Sound technician, broadcasting/film/video",Multimedia specialist,bernardmoreno@example.net,South Debraview,952.581.2086x1499,8654,eoJS4SWt
Phyllis,Martinez,Public house manager,Management consultant,qmills@example.org,Emilybury,+1-763-935-8418x574,42000,hFzsFlRH
Patrick,Hernandez,Hospital pharmacist,"Designer, fashion/clothing",zprince@example.org,Perezshire,001-419-820-2811x409,82484,PQZVELFm
Nicole,Arnold,Phytotherapist,Archaeologist,smithdenise@example.net,West Angela,264.979.4050x04667,98072,wbdXXdWh
David,Cochran,"Engineer, production",Scientific laboratory technician,cwilliams@example.net,North Katherine,(544)384-7433,54774,7nUm8JAn
Robin,Gilmore,Speech and language therapist,Dispensing optician,hannahcallahan@example.com,North Vanessaland,707-672-0201x0880,41784,Y16afc0b
Stephanie,Green,Medical laboratory scientific officer,Forest/woodland manager,andrew86@example.org,South Brettport,(990)769-3620,76424,9CKbDn1S
Tamara,Kelly,Retail buyer,IT sales professional,kaisereric@example.org,Michelleburgh,(710)340-5144,7709,B91TKKb9
Robert,Chen,Estate manager/land agent,Glass blower/designer,jessicamoses@example.org,Espinozamouth,584-949-3812,34913,CqKg7CF6
John,White,Print production planner,Mental health nurse,garciaian@example.com,Deborahhaven,749.486.7570x5332,55529,75k0X6po
James,Warren,Wellsite geologist,Estate agent,normangross@example.com,Seanbury,(806)664-0442x2968,94534,N6uQIwI6
Kristin,Harris,Publishing rights manager,"Engineer, building services",holderrachel@example.org,Sarahmouth,+1-930-356-6470x105,93834,emDgIGCw
Nancy,Patel,"Buyer, retail",Advertising art director,george88@example.net,Romantown,(233)821-2616x678,61613,8DeFDEeu
Russell,Schwartz,"Conservation officer, historic buildings",Environmental education officer,erica10@example.com,New Jessica,345-359-0696,89247,muNon6mH
Gregory,Robertson,Hydrogeologist,Chief Operating Officer,michaelhayes@example.net,New Michaelshire,562-677-6645x2080,60962,sEDu5wm9
Jessica,Rivera,"Social research officer, government",Armed forces logistics/support/administrative officer,raymondlopez@example.com,Elizabethfurt,262.929.8982,98964,uB2fhlJH
Joseph,Meyer,Mental health nurse,Writer,apaul@example.net,South Katiestad,899-888-9250,28761,BK2Hphmm
Julian,Cantu,Special effects artist,"Radiographer, therapeutic",rshah@example.com,Port Christophershire,(744)559-3489x06528,64342,7bgp5l7M
Gregory,Graham,"Psychotherapist, dance movement","Education officer, community",popeshannon@example.net,Lake Katherine,3817015611,55687,VGuM5QiH
Christopher,Chandler,Television floor manager,Ophthalmologist,tgarcia@example.net,Porterview,(426)993-3043x79893,99611,Cpe5IwkZ
Kristina,Thomas,"Engineer, site",Arboriculturist,khamilton@example.com,Port Anna,529-503-6702x75762,31718,KFmdD3tO
Natalie,Sheppard,Fine artist,Illustrator,xhuerta@example.org,Jonborough,001-918-582-0686x873,26023,GPz3k0BO
Amanda,Conrad,Banker,Therapeutic radiographer,llloyd@example.net,New Reginaldfurt,001-247-831-2049x9426,52590,3RfeR3uY
Nicholas,Coffey,Commercial art gallery manager,"Producer, radio",laurasalazar@example.net,North Michaelland,(932)413-9942,92683,YHTH5ah3
Danny,Jackson,Television production assistant,"Scientist, biomedical",brianmcfarland@example.org,Derekchester,(764)809-5984x40930,54558,IRxFl9JJ
Kathleen,Smith,"Therapist, speech and language","Lighting technician, broadcasting/film/video",christinagarner@example.net,East Codystad,(404)291-5777,32820,w9OMcNVM
Taylor,Sanchez,Theatre stage manager,"Designer, textile",stevecooper@example.com,Paulstad,220-898-6881x34649,45485,omJBOrj6
Veronica,Gibbs,Transport planner,Animal nutritionist,travis77@example.org,East Williammouth,(586)311-6982,35311,3ZaBnc12
Rhonda,Davis,Midwife,Charity officer,hdavis@example.org,New Nathanbury,+1-336-368-3441,6150,tSbDEHTb
Mckenzie,Montgomery,"Investment banker, operational","Surveyor, mining",stephensshelley@example.com,Johnmouth,+1-622-636-2649x84180,51008,aFWKOml8
Daniel,Gonzalez,Environmental manager,Science writer,christopher23@example.com,Port William,461.343.4647,39330,6wjEaGdu
Richard,Murphy,"Social research officer, government","Surveyor, building control",rlee@example.net,Burtonberg,577-989-2444x7748,41319,xbGmR6CL
Robert,Barron,Contractor,Historic buildings inspector/conservation officer,lisasharp@example.org,Samuelshire,001-262-966-8920,17173,Okr6txm0
Tiffany,Bailey,Learning disability nurse,Chartered management accountant,laurenchambers@example.net,North Frankstad,360.667.3029x646,77724,ug336DwA
Samantha,Smith,Systems analyst,"Administrator, charities/voluntary organisations",jmata@example.com,Hernandezbury,315-288-3263,76762,zQWlBdwp
Ryan,Marquez,Dietitian,Dramatherapist,hhall@example.com,Jenniferside,811-921-6353x508,49259,YHVbCi3f
Patrick,Jacobs,Economist,"Psychologist, educational",brian14@example.com,Bryanberg,2706842358,81583,uJ0VcLIt
Willie,Porter,Legal secretary,Operations geologist,wilsonhoward@example.org,Territown,+1-998-596-9375,28388,ZAqen6Jz
Amber,Olson,Senior tax professional/tax inspector,"Production assistant, television",tabbott@example.com,Lake Joe,820-679-2333,57493,KzJs4jVQ
Latasha,Williams,"Engineer, broadcasting (operations)",Theatre stage manager,ann42@example.org,Cunninghamtown,(918)760-5185x446,94146,HDDy3NJP
Cody,Briggs,Clinical molecular geneticist,"Therapist, speech and language",lhenry@example.org,Matthewshire,4169340321,82984,TORLSd4l
Jason,Woods,Nutritional therapist,Mining engineer,egarza@example.net,Thomasside,001-681-255-1115,79252,8sfoA8Rp
James,Robinson,Acupuncturist,Professor Emeritus,zleach@example.net,South Loganfurt,720-520-1455x62872,7611,VzgzqcTI
Michaela,Coleman,"Doctor, hospital",Environmental consultant,oadams@example.org,West Aaronmouth,(982)273-5058x0859,24857,bdGmUKYf
Christopher,Evans,Phytotherapist,Secretary/administrator,preynolds@example.org,Carrburgh,(683)398-2844,98249,nbwaKDXk
Anita,Dominguez,Private music teacher,"Scientist, physiological",alexis92@example.net,Garyberg,732-977-5711x115,15090,uTbnRUfu
Samantha,Sullivan,Recruitment consultant,Metallurgist,vholland@example.com,New Ashleymouth,001-274-317-0435x4219,20284,cNsIEPvj
Karen,Cummings,Clinical biochemist,Arts development officer,howardbenjamin@example.org,Lake Thomasport,+1-978-376-0107x998,3217,lFRWDuFR
Katie,Shannon,Curator,Printmaker,lrodriguez@example.org,West Anthonystad,2647378959,19972,zjvZXnYq
Kyle,Hardy,"Surveyor, insurance",Seismic interpreter,nodom@example.org,Jonesmouth,277-794-2605x38204,17575,jcLO3HBd
Zachary,Harding,Broadcast engineer,Technical sales engineer,kanderson@example.org,Reneeberg,535.945.6408x136,65917,ihtX5Fto
Marilyn,Downs,Chartered legal executive (England and Wales),Health service manager,chamberskevin@example.com,Tiffanyville,001-412-450-1874x615,90092,K8t9AsGm
Sara,Perry,Transport planner,Careers information officer,xsmith@example.net,South Jamesmouth,476.804.2901x748,91352,adFSwhdt
Jeremy,Adams,"Sales professional, IT",Data scientist,rodriguezmaria@example.com,Port Cindy,+1-472-444-2668x3571,42654,0O3mOEAQ
David,Klein,Outdoor activities/education manager,Dietitian,levi81@example.com,East Paul,+1-439-512-6199x005,19867,Mmk7zFo6
Jessica,Frazier,"Scientist, research (maths)",Media planner,gsanchez@example.org,Lake Luis,(570)673-4287x09809,51936,8lgk1qzn
Donna,Ward,Furniture conservator/restorer,Technical sales engineer,eblack@example.org,Breannafort,696-415-7180x9853,75934,txpBxeex
Angela,Hunter,"Accountant, chartered management",IT trainer,martinjennifer@example.com,Watsonburgh,848-868-4002,15594,fODmzHX7
Aaron,Smith,Building surveyor,Prison officer,kathyrose@example.net,Douglashaven,351.714.4028x82601,97315,nv6jyVtH
Ronald,Butler,Insurance risk surveyor,Plant breeder/geneticist,thompsonderrick@example.net,Lewisburgh,725-913-5769,12964,u44INJdx
Steven,Luna,"Teacher, music",Emergency planning/management officer,david65@example.net,South Donaldhaven,514-389-3236,38462,UmuFralU
Debra,Cain,"Therapist, speech and language",Maintenance engineer,wendypeterson@example.com,Jorgeberg,(221)589-5685,75418,HBJtMwHv
Erica,May,"Engineer, communications","Programmer, systems",rodriguezhaley@example.org,West Tinaside,+1-307-882-7034x66350,16640,QAwXRszL
Tiffany,James,Clinical cytogeneticist,"Engineer, building services",lyonsstephen@example.com,East Donald,(455)220-2736,3038,JaerXKU0
Catherine,Clark,Illustrator,Higher education lecturer,cynthia90@example.org,East Ethanfort,+1-733-909-0788x92619,52710,LeO0Icgo
Teresa,Frederick,Computer games developer,Dramatherapist,zwiggins@example.net,West Antonio,(882)456-0829,44457,iqWxY8VO
Morgan,Hernandez,Press photographer,"Solicitor, Scotland",adamsjacqueline@example.com,West Brian,(247)545-7827x8509,1634,3nONm3cO
David,Wilson,Information systems manager,Commercial art gallery manager,krollins@example.net,Port Michael,2965824028,20274,2W6fEoaH
Caitlin,Castillo,Banker,"Research officer, political party",rogerswilliam@example.org,Port Victoriamouth,383-553-1686,3688,SwteOG8d
David,Gilmore,Television/film/video producer,Immunologist,fphillips@example.net,East Donnabury,(423)514-2582,70721,mM0Ep7GK
Tamara,Coleman,Claims inspector/assessor,"Conservation officer, historic buildings",cooperbrittany@example.org,Christyberg,479.505.9986,63316,keFxWkdM
Amanda,Kennedy,Optometrist,Fashion designer,kayla85@example.com,West Cassandraberg,001-800-325-0153x212,65886,L5dbC7Ri
Thomas,Frank,Ergonomist,"Engineer, electrical",vcabrera@example.org,Port Danielfort,+1-832-431-5514x76814,83016,4uPmSfp6
